Sample_ID,Zone,N_kg_per_ha,P_kg_per_ha,K_kg_per_ha,pH,Organic_Carbon_pct,EC_dS_per_m,Fe_ppm,Zn_ppm,Mn_ppm,Cu_ppm
S0001,Zone_1,340.28,22.26,223.15,7.57,0.57,0.23,16.36,0.87,7.15,0.82
S0002,Zone_1,374.76,34.66,248.93,7.62,0.94,0.3,19.49,1.01,9.56,1.08
S0003,Zone_1,310.91,20.85,224.0,7.02,0.67,0.33,23.31,1.6,11.5,1.56
S0004,Zone_1,450.5,37.06,260.21,6.31,1.17,0.55,24.82,1.53,10.34,1.51
S0005,Zone_1,366.6,32.66,221.76,7.01,0.89,0.41,24.76,1.73,12.25,1.54
S0006,Zone_1,339.35,30.18,186.63,6.63,0.76,0.2,19.96,1.82,9.03,1.61
S0007,Zone_1,221.03,12.92,150.0,7.43,0.52,0.48,16.77,0.93,9.18,0.98
S0008,Zone_1,245.46,11.7,124.26,7.21,0.5,0.45,16.14,1.06,8.9,1.0
S0009,Zone_1,349.41,25.05,203.85,6.67,0.69,0.43,19.02,1.29,10.23,1.35
S0010,Zone_1,361.92,29.09,216.9,6.84,0.69,0.12,13.12,0.59,7.22,0.61
S0011,Zone_1,299.31,29.12,202.33,7.43,0.6,0.34,12.81,0.78,7.71,0.49
S0012,Zone_1,348.07,29.22,209.11,6.05,0.85,0.19,26.8,1.84,15.41,1.6
S0013,Zone_1,260.59,19.61,180.71,7.87,0.64,0.47,23.45,1.1,8.06,0.96
S0014,Zone_1,298.61,16.2,192.11,6.9,0.51,0.2,21.12,1.54,13.39,2.15
S0015,Zone_1,346.86,23.2,151.07,6.84,0.69,0.26,15.8,0.99,9.45,1.09
S0016,Zone_1,312.48,19.31,143.24,6.49,0.68,0.58,22.91,1.83,10.63,1.23
S0017,Zone_1,264.09,15.64,221.1,6.77,0.68,0.21,27.95,1.89,12.62,1.63
S0018,Zone_1,282.71,23.25,178.85,6.26,0.53,0.29,31.19,2.07,13.8,1.89
S0019,Zone_1,400.36,34.71,243.14,7.51,1.0,0.7,19.44,0.98,6.05,1.37
S0020,Zone_1,425.42,35.47,252.59,7.68,0.9,0.33,18.74,1.08,7.8,1.08
S0021,Zone_1,342.25,34.22,239.8,7.39,0.62,0.39,13.36,0.56,14.454707137600964,0.68
S0022,Zone_1,376.95,24.8,220.82,6.61,0.85,0.54,25.29,2.08,12.18,1.52
S0023,Zone_1,308.57,25.03,207.4,6.39,0.74,0.34,36.66,2.95,15.38,2.19
S0024,Zone_1,234.19,13.1,158.01,7.79,0.39,0.29,4.51,0.21,1.5,0.26
S0025,Zone_1,269.39,19.24,129.51,5.97,0.82,0.01,20.71,2.01,16.44,1.31
S0026,Zone_1,299.91,24.58,245.04,6.63,0.7,0.48,26.29,1.65,11.99,1.21
S0027,Zone_1,307.71,22.5,201.52,6.69,0.76,0.5,23.83,1.72,11.6,1.48
S0028,Zone_1,278.71,22.2,184.34,8.25,0.76,0.51,10.9,0.38,6.53,0.69
S0029,Zone_1,350.81,20.0,224.26,7.27,0.68,0.36,19.54,1.21,8.46,1.19
S0030,Zone_1,306.88,24.42,239.59,5.66,0.74,0.29,30.74,1.99,11.93,1.76
S0031,Zone_1,425.64,28.99,267.51,6.73,1.01,0.25,20.67,1.77,11.65,1.85
S0032,Zone_1,392.64,34.94,298.93,7.37,1.05,0.41,21.15,1.24,11.08,0.97
S0033,Zone_1,368.94,29.39,261.9,7.5,1.06,0.57,12.76,0.94,5.09,0.68
S0034,Zone_1,412.67,38.03,248.07,6.24,1.03,0.12,21.42,1.63,12.82,1.55
S0035,Zone_1,184.52,12.1,135.69,7.38,0.52,0.01,15.73,1.16,5.34,1.28
S0036,Zone_1,344.1,31.72,215.72,7.4,0.92,0.43,20.3,1.47,7.98,1.18
S0037,Zone_1,312.85,26.16,233.55,6.49,0.74,0.58,21.14,1.26,10.77,1.43
S0038,Zone_1,322.69,31.75,248.05,7.61,0.83,0.81,18.42,0.71,10.34,0.88
S0039,Zone_1,328.47,32.28,185.82,6.1,0.64,0.11,25.65,1.9,12.79,1.31
S0040,Zone_1,183.39,10.78,117.25,7.34,0.42,0.33,21.98,1.43,10.66,1.17
S0041,Zone_1,311.22,25.1,225.36,6.86,0.79,0.31,21.82,1.72,7.68,1.04
S0042,Zone_1,233.07,4.61,107.48,7.36,0.39,0.39,21.86,1.66,9.9,1.76
S0043,Zone_1,327.53,21.87,183.04,6.02,0.67,0.21,28.59,2.39,11.92,1.93
S0044,Zone_1,259.57,20.92,174.81,5.97,0.7,0.13,24.23,1.35,10.62,1.37
S0045,Zone_1,310.65,25.67,214.65,7.82,0.67,0.19,20.74,1.17,10.25,1.32
S0046,Zone_1,314.13,26.13,259.04,8.43,0.72,0.55,19.34,0.93,7.98,1.06
S0047,Zone_1,340.83,23.31,164.18,5.54,0.69,0.14,25.02,2.28,15.28,1.6
S0048,Zone_1,342.86,25.57,205.7,7.02,0.85,0.31,25.7,1.32,10.74,1.93
S0049,Zone_1,335.38,33.61,236.31,7.36,0.8,0.36,15.3,1.22,6.49,1.17
S0050,Zone_1,387.12,34.01,240.98,7.16,0.9,0.56,11.01,0.76,3.08,0.35
S0051,Zone_2,389.83,37.23,237.03,5.9,0.69,0.24,35.06,2.43,14.53,2.18
S0052,Zone_2,214.34,12.78,143.94,6.97,0.52,0.4,23.07,1.26,11.52,4.121002029057715
S0053,Zone_2,249.79,13.73,188.71,6.99,0.69,0.32,27.89,1.79,12.62,1.94
S0054,Zone_2,286.29,17.37,161.19,7.13,0.46,0.51,14.19,1.24,3.73,0.82
S0055,Zone_2,206.81,9.44,136.5,6.92,0.39,0.32,20.01,0.93,9.93,1.26
S0056,Zone_2,331.1,29.34,226.37,8.14,0.75,0.46,9.53,0.32,1.99,0.29
S0057,Zone_2,303.76,25.35,201.48,6.49,0.81,0.47,22.54,1.37,11.54,1.34
S0058,Zone_2,221.11,14.61,155.16,6.51,0.5,0.07,28.17,2.14,12.7,1.82
S0059,Zone_2,163.4,3.23,93.26,6.37,0.37,0.6,17.12,0.9,9.2,1.36
S0060,Zone_2,234.66,17.57,208.42,6.24,0.43,0.26,21.3,1.66,11.61,1.04
S0061,Zone_2,338.92,24.73,241.41,6.65,0.75,0.5,25.68,1.83,9.3,1.64
S0062,Zone_2,245.94,18.71,128.5,7.09,0.44,0.2966069939702719,19.97,1.3,7.85,1.52
S0063,Zone_2,281.56,21.53,190.69,6.61,0.7,0.26,19.86,1.75,8.8,0.78
S0064,Zone_2,404.66,46.75,276.03,5.72,1.04,0.26,26.47,1.63,13.5,1.61
S0065,Zone_2,218.34,17.99,211.45,7.36,0.46,0.39,21.47,0.83,9.02,0.99
S0066,Zone_2,418.87,35.19,302.26,6.34,1.12,0.48,21.16,1.6,12.98,1.32
S0067,Zone_2,206.48,13.29,116.72,6.72,0.42,0.01,11.35,0.89,5.87,0.22
S0068,Zone_2,355.09,30.53,209.23,6.03,0.95,0.38,36.96,2.59,16.95,2.09
S0069,Zone_2,357.01,32.43,267.21,6.72,0.84,0.34,25.72,2.18,11.73,1.59
S0070,Zone_2,326.84,25.03,230.54,5.68,0.72,0.18,15.5,0.87,7.53,0.86
S0071,Zone_2,374.78,30.15,204.91,6.7,1.0,0.22,16.53,1.34,8.35,1.24
S0072,Zone_2,307.18,27.48,179.55,6.82,0.7,0.15,11.68,1.05,6.35,0.64
S0073,Zone_2,302.23,29.0,149.48,5.83,0.63,0.48,25.77,2.04,10.97,1.36
S0074,Zone_2,334.87,27.35,228.46,6.85,0.83,0.43,24.84,1.9,9.04,0.98
S0075,Zone_2,368.1,36.31,220.77,5.69,0.94,0.44,35.83,2.63,15.84,1.89
S0076,Zone_2,308.69,22.84,167.42,8.0,0.85,0.66,9.95,0.95,6.37,0.91
S0077,Zone_2,382.98,35.25,268.38,7.32,0.97,0.18,18.77,1.09,6.22,1.39
S0078,Zone_2,411.74,41.79,281.47,7.68,1.02,0.54,11.37,1.0,6.16,0.56
S0079,Zone_2,304.93,23.49,242.88,7.65,0.71,0.53,17.32,1.06,6.1,0.97
S0080,Zone_2,263.23,13.42,169.5,7.21,0.38,0.4,21.3,1.58,11.43,1.48
S0081,Zone_2,257.3,13.59,163.99,7.2,0.67,0.58,18.53,0.83,7.64,1.0
S0082,Zone_2,295.88,20.13,190.09,6.65,0.61,0.42,18.96,1.34,9.94,0.98
S0083,Zone_2,279.13,28.02,170.34,5.62,0.5,0.23,25.47,1.73,14.43,0.99
S0084,Zone_2,331.76,34.23,202.53,6.59,0.74,0.19,19.02,1.77,12.96,1.37
S0085,Zone_2,422.3,36.56,309.3,6.95,1.07,0.55,37.19,2.68,14.68,2.37
S0086,Zone_2,286.29,19.53,203.28,7.05,0.68,0.41,21.37,1.51,6.94,1.4
S0087,Zone_2,249.08,10.99,143.84,6.98,0.44,0.52,11.84,0.64,5.4,0.75
S0088,Zone_2,324.73,21.15,213.02,6.99,0.55,0.11,17.56,1.0,7.9,1.07
S0089,Zone_2,321.53,30.19,188.93,6.12,0.67,0.35,29.2,1.83,8.96,1.17
S0090,Zone_2,258.02,16.19,151.52,6.93,0.52,0.54,15.8,0.79,8.3,0.59
S0091,Zone_2,331.38,27.19,208.63,7.81,0.69,0.83,13.76,0.55,5.85,0.53
S0092,Zone_2,262.89,21.29,192.73,6.67,0.71,0.54,29.69,2.13,15.68,1.39
S0093,Zone_2,288.93,18.0,178.73,6.59,0.63,0.68,21.0,1.54,10.11,1.36
S0094,Zone_2,308.36,26.39,235.17,8.03,0.74,0.61,9.36,0.63,6.34,0.91
S0095,Zone_2,320.7,29.81,230.13,7.69,0.79,0.41,17.89,0.29,7.03,0.01
S0096,Zone_2,204.59,15.34,158.6,6.41,0.38,0.52,20.36,2.06,11.44,1.65
S0097,Zone_2,405.01,35.18,227.75,6.65,0.98,0.17,19.32,1.11,10.39,1.14
S0098,Zone_2,291.03,21.88,192.94,7.32,0.56,0.25,21.85,1.21,6.83,1.29
S0099,Zone_2,335.8,19.82,199.06,7.3,0.79,0.56,10.99,0.85,5.72,0.69
S0100,Zone_2,360.23,36.87,294.95,7.88,0.88,0.59,20.23,1.4,9.0,1.44
S0101,Zone_3,276.44,18.12,157.16,7.11,0.61,0.53,18.99,1.09,9.37,1.21
S0102,Zone_3,205.91,21.02,144.51,5.89,0.39,0.14,22.17,1.41,10.09,1.42
S0103,Zone_3,300.39,25.69,206.61,7.2,0.5,0.45,3.94,0.32,3.27,0.69
S0104,Zone_3,351.26,30.57,209.55,6.96,0.79,0.49,21.44,1.25,10.34,1.4
S0105,Zone_3,222.71,20.56,179.45,7.02,0.44,0.3,13.93,1.08,5.62,1.03
S0106,Zone_3,205.49,13.07,138.24,8.31,0.26,0.8,9.15,0.62,4.08,0.81
S0107,Zone_3,270.78,28.0,540.8618472924544,7.46,0.57,0.47,8.61,0.76,7.11,0.74
S0108,Zone_3,268.19,15.39,152.23,5.82,0.52,0.4,28.76,2.7,13.53,2.32
S0109,Zone_3,294.63,22.83,197.66,6.87,0.7,0.41,11.14,0.33,6.49,0.54
S0110,Zone_3,244.23,18.23,181.08,7.03,0.49,0.67,24.71,1.72,12.39,1.83
S0111,Zone_3,347.81,32.18,242.3,7.12,0.74,0.64,9.94,0.52,7.29,0.9
S0112,Zone_3,369.24,30.22,195.97,6.43,0.9,0.46,25.08,1.57,11.5,1.2
S0113,Zone_3,307.02,24.9,175.35,6.55,0.7,0.38,27.33,1.73,11.25,1.06
S0114,Zone_3,226.35,15.01,128.08,7.58,0.45,0.7,13.24,0.84,5.8,0.85
S0115,Zone_3,383.13,21.87,153.6,6.09,0.88,0.54,22.61,1.38,11.97,1.58
S0116,Zone_3,291.04,27.8,206.44,6.52,0.79,0.44,20.8,1.91,6.78,1.0
S0117,Zone_3,208.78,12.66,128.28,5.95,0.36,0.19,33.16,2.61,14.47,1.98
S0118,Zone_3,211.05,5.49,112.35,6.21,0.42,0.11,16.0,1.03,8.89,1.11
S0119,Zone_3,200.77,17.65,125.74,7.19,0.43,0.19,13.16,0.94,7.36,0.86
S0120,Zone_3,371.91,36.64,238.49,7.15,1.11,0.84,12.68,0.76,8.73,0.55
S0121,Zone_3,200.65,11.2,139.95,6.85,0.35,0.31,13.35,0.56,10.01,0.92
S0122,Zone_3,333.21,25.33,198.39,6.29,0.53,0.21,9.55,0.01,2.84,0.72
S0123,Zone_3,277.33,27.91,206.83,7.35,0.57,0.58,18.68,1.06,8.76,1.23
S0124,Zone_3,247.03,13.09,114.88,6.72,0.55,0.28,17.11,1.24,9.26,1.47
S0125,Zone_3,356.62,25.37,254.24,6.57,0.97,0.52,19.42,0.8,8.42,0.59
S0126,Zone_3,338.04,35.47,211.98,6.88,0.76,0.36,20.76,1.4,11.95,1.21
S0127,Zone_3,339.96,28.86,236.15,6.57,0.83,0.46,16.11,1.35,9.71,1.28
S0128,Zone_3,372.22,38.79,795.8550865788714,6.93,0.87,0.5,14.52,1.57,8.64,1.13
S0129,Zone_3,351.62,19.22,137.55,6.9,0.78,0.52,8.98,0.6,8.22,0.92
S0130,Zone_3,290.18,20.98,169.33,5.49,0.73,0.47,17.91,1.13,7.95,0.8
S0131,Zone_3,283.21,12.34,169.96,7.24,0.58,0.11,9.38,0.88,0.95,0.59
S0132,Zone_3,209.2,18.31,133.13,7.06,0.51,0.72,16.0,1.22,5.48,1.25
S0133,Zone_3,234.37,14.44,146.17,5.91,0.56,0.51,24.57,1.17,10.81,1.41
S0134,Zone_3,167.32,4.82,125.36,7.14,0.35,0.76,19.05,1.38,13.37,1.29
S0135,Zone_3,232.13,18.95,170.49,6.6,0.43,0.8,20.95,1.19,11.02,1.22
S0136,Zone_3,264.83,23.08,144.79,6.89,0.8,0.49,16.36,1.0,7.0,0.84
S0137,Zone_3,257.33,23.98,133.64,7.16,0.54,0.49,9.15,1.06,7.61,1.1
S0138,Zone_3,189.11,16.29,150.81,6.02,0.44,0.39,25.51,1.76,12.61,1.86
S0139,Zone_3,353.56,16.08,174.25,6.51,0.61,0.5,23.43,1.09,10.22,1.07
S0140,Zone_3,239.69,24.79,162.88,7.09,0.37,0.75,18.33,1.17,9.05,0.84
S0141,Zone_3,350.95,28.01,210.12,6.41,0.79,0.57,21.28,1.65,10.36,1.5
S0142,Zone_3,254.87,30.02,154.37,7.45,0.73,0.3,25.34,1.94,12.09,1.56
S0143,Zone_3,266.97,19.6,180.2,7.67,0.61,0.38,17.04,1.31,8.59,1.32
S0144,Zone_3,263.74,15.81,135.28,5.73,0.62,0.32,21.03,0.53,7.11,1.1
S0145,Zone_3,240.12,19.48,125.55,7.54,0.49,0.51,23.91,1.92,9.56,1.39
S0146,Zone_3,260.47,22.36,173.11,6.59,0.76,0.39,31.48,2.07,16.24,1.89
S0147,Zone_3,337.78,24.68,180.07,6.89,0.88,0.48,11.27,0.41,3.14,0.12
S0148,Zone_3,286.57,28.1,198.53,5.5,0.71,0.3,35.87,1.96,14.63,2.2
S0149,Zone_3,307.0,27.58,205.83,7.0,0.81,0.34,21.9,1.03,9.43,1.15
S0150,Zone_3,243.02,17.95,142.38,6.14,0.52,0.17,22.09,1.09,10.95,3.0935699662989684
S0151,Zone_4,232.02,14.28,178.61,7.1,0.49,0.61,5.48,0.39,7.22,0.6
S0152,Zone_4,270.07,23.97,204.45,5.68,0.51,0.44,19.4,1.77,10.35,0.95
S0153,Zone_4,189.92,0.01,84.87,6.6,0.3,0.63,22.22,1.26,6.18,1.32
S0154,Zone_4,299.32,25.94,219.96,6.14,0.95,0.3,26.44,1.29,9.83,1.57
S0155,Zone_4,250.35,23.26,179.82,6.75,0.73,0.43,9.82,0.53,6.39,0.68
S0156,Zone_4,171.98,7.39,92.9,6.53,0.2,0.3,12.37,0.98,8.08,0.92
S0157,Zone_4,242.48,19.06,138.0,6.0,0.47,0.28,14.05,1.03,8.96,0.62
S0158,Zone_4,267.51,20.01,177.94,6.76,0.47,0.28,15.81,1.3,4.34,1.11
S0159,Zone_4,337.38,27.78,223.68,6.31,0.82,0.22,8.25,0.95,4.56,0.6
S0160,Zone_4,182.81,5.26,100.56,6.33,0.4,0.48,20.4,1.36,12.24,1.05
S0161,Zone_4,262.7,25.99,217.98,6.09,0.64,0.66,24.91,1.8,11.59,1.41
S0162,Zone_4,283.29,21.53,176.19,6.76,0.59,0.58,30.76,1.39,12.09,1.34
S0163,Zone_4,300.64,24.82,211.33,7.48,0.72,0.77,2.73,0.78,4.16,0.81
S0164,Zone_4,192.81,9.11,122.49,6.79,0.42,0.64,8.25,0.87,5.7,0.69
S0165,Zone_4,177.73,13.9,64.1,6.95,0.2,0.41,12.07,1.1,5.91,0.78
S0166,Zone_4,235.6,23.77,185.31,6.64,0.55,0.19,19.65,0.76,9.33,1.0
S0167,Zone_4,409.22,30.9,233.98,7.61,1.09,0.52,14.04,0.93,6.47,0.7
S0168,Zone_4,260.64,12.66,150.0,6.98,0.54,0.25,19.37,1.25,7.25,1.07
S0169,Zone_4,175.96,6.37,92.24,7.46,0.25,0.6,8.88,0.57,4.18,0.85
S0170,Zone_4,233.91,9.93,95.06,6.26,0.36,0.48,14.95,1.67,5.94,1.23
S0171,Zone_4,198.32,11.31,130.02,5.45,0.48,0.65,22.72,1.67,13.5,1.41
S0172,Zone_4,231.14,6.26,137.67,6.71,0.37,0.51,13.2,0.63,7.38,0.52
S0173,Zone_4,328.84,20.89,169.9,7.69,0.84,0.61,7.21,0.31,3.45,0.46
S0174,Zone_4,260.55,20.17,161.83,5.88,0.57,0.55,15.09,1.05,7.09,0.97
S0175,Zone_4,242.68,25.5,191.27,6.1,0.68,0.28,19.12,1.46,9.09,1.37
S0176,Zone_4,219.53,12.97,119.09,6.36,0.59,0.52,27.65,2.46,11.49,1.79
S0177,Zone_4,195.43,9.64,104.09,6.1,0.3,0.36,12.93,1.11,6.15,1.57
S0178,Zone_4,238.92,18.36,122.38,7.62,0.62,0.57,5.32,0.44,1.35,0.73
S0179,Zone_4,314.55,26.54,134.97,5.85,0.82,0.58,26.83,1.37,11.87,1.59
S0180,Zone_4,166.5,10.25,122.19,6.69,0.16,0.38,14.05,0.82,5.92,0.77
S0181,Zone_4,263.62,22.77,167.56,6.48,0.63,0.12,20.29,1.32,9.3,1.4
S0182,Zone_4,148.83,0.01,85.71,6.82,0.26,0.37,18.82,1.36,9.6,1.17
S0183,Zone_4,139.54,11.1,142.66,7.4,0.19,0.6,17.73,1.55,7.0,1.17
S0184,Zone_4,310.84,25.96,167.36,6.81,0.79,0.5,17.53,1.11,10.28,0.88
S0185,Zone_4,230.76,17.19,174.64,6.0,0.42,0.07,20.44,0.97,8.69,1.22
S0186,Zone_4,227.51,17.9,144.53,7.15,0.55,0.37,13.79,1.2,7.58,0.68
S0187,Zone_4,305.34,19.89,215.95,7.43,0.73,0.63,13.31,1.06,5.95,0.97
S0188,Zone_4,318.32,23.78,176.5,5.9,0.66,0.12,23.6,2.08,14.05,1.3
S0189,Zone_4,309.49,32.37,202.54,6.75,0.57,0.53,10.79,0.87,3.45,0.87
S0190,Zone_4,327.47,23.7,164.85,5.27,0.77,0.27,16.71,1.37,9.01,0.87
S0191,Zone_4,232.73,22.49,182.74,6.8,0.62,0.27,17.78,1.24,7.66,1.15
S0192,Zone_4,219.17,18.35,166.18,5.16,0.67,0.01,23.59,1.94,12.13,1.13
S0193,Zone_4,200.38,18.83,96.98,7.28,0.41,0.25,9.32,0.28,5.33,0.69
S0194,Zone_4,162.85,7.96,84.63,7.49,0.15,0.75,10.81,0.27,3.19,0.38
S0195,Zone_4,189.52,13.2,96.69,5.4,0.39,0.01,18.99,1.0,8.05,1.45
S0196,Zone_4,269.38,22.44,129.09,6.16,0.65,0.22,23.37,1.17,9.41,1.04
S0197,Zone_4,275.86,18.88,160.71,6.54,0.56,0.55,18.57,1.19,7.95,1.29
S0198,Zone_4,251.85,17.92,161.68,7.75,0.41,0.7,1.23,0.15,4.2,0.48
S0199,Zone_4,276.24,19.3,170.02,6.57,0.56,0.43,18.22,0.95,6.82,0.68
S0200,Zone_4,289.44,26.02,197.69,7.32,0.69,0.61,15.9,1.04,6.18,1.45
S0201,Zone_5,266.88,17.01,176.27,7.06,0.45,0.63,16.53,0.72,9.22,1.13
S0202,Zone_5,218.13,23.54,187.79,7.06,0.68,0.42,19.76,1.17,9.95,1.21
S0203,Zone_5,294.88,19.4,182.28,6.81,0.53,0.18,20.28,0.46,8.11,0.8
S0204,Zone_5,372.49,29.1,243.99,6.61,0.92,0.58,19.09,1.65,8.41,1.34
S0205,Zone_5,349.36,32.17,279.89,6.59,0.75,0.3,24.29,1.77,11.58,1.27
S0206,Zone_5,340.01,22.13,229.09,8.58,0.79,0.73,7.76,0.01,1.46,0.07
S0207,Zone_5,207.18,22.11,170.65,7.25,0.44,0.37,21.54,1.38,10.21,1.24
S0208,Zone_5,273.47,14.16,106.0,6.46,0.58,0.13,18.47,1.17,5.27,0.81
S0209,Zone_5,318.44,27.56,177.37,6.81,0.85,0.53,19.07,1.2,7.83,1.18
S0210,Zone_5,305.71,27.37,207.58,7.36,0.73,0.6,20.96,1.14,5.8,1.42
S0211,Zone_5,309.4,16.51,155.58,7.17,0.64,0.37,22.45,1.03,7.56,1.18
S0212,Zone_5,317.43,27.98,233.05,7.07,1.897769355926996,0.42,19.3,1.34,9.42,1.36
S0213,Zone_5,327.31,26.87,186.87,6.78,0.77,0.45,29.65,1.75,12.85,1.87
S0214,Zone_5,299.88,34.95,213.84,7.07,0.66,0.36,18.77,1.56,9.55,1.57
S0215,Zone_5,288.3,20.9,253.04,7.39,0.6,0.41,12.52,1.09,6.35,0.98
S0216,Zone_5,290.19,26.2,174.27,6.16,0.72,0.43,24.46,1.45,12.29,1.21
S0217,Zone_5,262.71,15.23,193.17,7.38,0.63,0.69,30.98,1.39,10.47,1.34
S0218,Zone_5,242.95,12.48,137.79,6.13,0.56,0.34,24.82,1.76,12.89,1.45
S0219,Zone_5,421.27,37.8,214.35,5.94,0.87,0.38,55.92758746094554,1.38,13.47,1.5
S0220,Zone_5,337.57,23.28,174.43,6.7,0.79,0.11,17.56,1.14,7.97,0.87
S0221,Zone_5,261.63,18.8,170.81,7.25,0.69,0.39,15.04,1.12,8.46,0.91
S0222,Zone_5,341.42,32.86,263.16,8.03,0.74,0.57,13.19,0.84,4.71,0.5
S0223,Zone_5,299.56,20.01,184.04,6.38,0.58,0.43,21.45,1.58,14.05,1.55
S0224,Zone_5,323.1,21.03,156.69,7.58,0.61,0.31,12.25,0.69,3.86,0.68
S0225,Zone_5,367.76,27.1,182.64,7.16,0.89,0.36,8.59,0.4,4.46,0.8
S0226,Zone_5,231.81,16.06,170.78,5.6,0.65,0.09,28.4,1.97,15.55,1.82
S0227,Zone_5,151.36,4.12,101.84,6.88,0.31,0.49,21.56,1.27,6.71,1.05
S0228,Zone_5,318.98,20.53,205.08,7.4,0.73,0.01,8.92,1.1,4.81,0.37
S0229,Zone_5,368.11,31.07,260.18,7.07,0.94,0.56,22.73,2.23,12.94,1.31
S0230,Zone_5,320.8,31.44,251.39,6.75,0.92,0.59,34.69,2.08,13.52,1.74
S0231,Zone_5,264.59,15.69,87.15,6.3,0.6,0.22,29.0,1.83,14.46,1.74
S0232,Zone_5,343.58,29.73,256.97,7.0,0.89,0.54,18.56,1.42,12.81,1.23
S0233,Zone_5,319.17,31.82,250.38,7.01,0.55,0.55,7.09,1.04,6.0,1.07
S0234,Zone_5,239.87,9.87,144.51,6.88,0.45,0.43,31.3,2.13,14.92,2.09
S0235,Zone_5,382.77,31.66,181.86,6.43,1.0,0.23,19.53,1.15,11.42,1.32
S0236,Zone_5,333.09,30.25,218.39,6.95,0.68,0.08,17.9,1.26,10.3,1.55
S0237,Zone_5,388.2,28.36,219.17,6.98,1.17,0.72,25.81,1.64,9.74,1.56
S0238,Zone_5,227.96,14.91,145.59,7.84,0.43,0.07,14.25,0.57,5.53,0.75
S0239,Zone_5,277.58,25.14,149.77,6.43,0.72,0.23,12.91,1.17,9.48,0.97
S0240,Zone_5,176.35,13.94,88.32,6.99,0.26,0.14,13.39,0.77,5.33,0.94
S0241,Zone_5,267.24,24.95,194.64,6.54,0.56,0.1,21.46,1.3,6.0,1.02
S0242,Zone_5,239.94,24.9,134.69,5.93,0.69,0.48,20.9,1.36,11.49,0.69
S0243,Zone_5,182.33,9.84,163.51,6.88,0.39,0.58,30.09,1.7,12.54,2.04
S0244,Zone_5,202.67,18.29,124.49,6.93,0.41,0.19,12.43,0.91,8.21,0.86
S0245,Zone_5,298.21,26.29,173.3,7.2,0.77,0.86,16.02,1.02,8.8,1.18
S0246,Zone_5,261.89,17.74,179.85,6.46,0.56,0.4,25.91,1.49,8.45,0.92
S0247,Zone_5,218.44,8.74,124.67,6.18,0.38,0.2,18.94,1.6,11.22,1.36
S0248,Zone_5,266.34,18.07,176.29,7.25,0.5,0.46,6.07,0.49,5.5,0.53
S0249,Zone_5,402.99,30.5,244.18,6.73,0.96,0.46,20.38,1.64,12.23,1.41
S0250,Zone_5,342.92,24.95,227.36,6.43,0.93,0.8,22.85,0.95,9.2,1.36
S0251,Zone_6,285.18,24.53,210.78,7.05,0.81,0.73,23.72,1.68,11.7,1.35
S0252,Zone_6,215.91,24.14,170.48,7.26,0.52,0.43,13.48,1.34,7.75,0.65
S0253,Zone_6,239.09,26.98,173.13,5.67,0.81,0.5,23.76,1.63,13.31,1.25
S0254,Zone_6,320.9,29.75,214.56,6.74,0.78,0.73,12.53,0.45,6.74,0.81
S0255,Zone_6,280.81,24.83,175.21,7.09,0.66,0.47,12.18,1.44,3.99,1.07
S0256,Zone_6,151.25,8.53,92.37,5.51,0.37,0.28,12.09,1.14,10.4,1.31
S0257,Zone_6,273.54,22.32,209.97,7.79,0.75,0.49,12.53,0.92,2.62,0.83
S0258,Zone_6,388.38,37.42,286.44,6.83,0.99,0.68,13.4,0.73,8.48,1.14
S0259,Zone_6,192.53,18.1,139.31,6.96,0.48,0.66,15.7,1.49,8.53,1.29
S0260,Zone_6,202.0,24.83,175.48,7.26,0.32,0.39,18.34,1.24,4.63,1.29
S0261,Zone_6,219.37,23.09,160.37,6.87,0.64,0.34,11.25,0.76,7.15,0.42
S0262,Zone_6,151.92,13.08,100.83,6.51,0.13,0.31,14.92,1.22,6.32,1.4
S0263,Zone_6,210.93,12.14,170.46,7.0,0.41,0.53,21.28,1.73,8.45,1.37
S0264,Zone_6,257.41,15.64,150.25,6.64,0.69,0.72,15.67,1.01,8.66,0.83
S0265,Zone_6,287.32,23.15,154.96,5.97,0.84,0.42,28.63,1.75,12.79,2.07
S0266,Zone_6,188.56,3.92,134.82,6.35,0.38,0.39,19.27,0.88,8.28,1.11
S0267,Zone_6,191.5,9.99,109.3,5.84,0.37,0.42,17.97,1.11,8.94,0.92
S0268,Zone_6,293.46,31.12,192.39,6.91,0.7,0.59,22.74,1.67,6.95,1.41
S0269,Zone_6,325.97,26.63,227.03,6.31,0.66,0.57,9.74,0.68,8.01,0.33
S0270,Zone_6,175.23,6.66,103.2,6.5,0.49,0.62,20.21,1.34,10.01,1.0
S0271,Zone_6,303.43,19.95,198.08,7.38,0.71,0.6,14.69,0.05,5.39,0.52
S0272,Zone_6,248.96,22.87,167.85,6.03,0.6,0.45,20.6,1.47,11.69,1.05
S0273,Zone_6,262.54,27.12,139.33,6.62,0.57,0.4,24.40138396566899,0.74,8.53,0.5
S0274,Zone_6,181.82,6.07,150.77,6.63,0.38,0.45,12.32,0.7,10.4,1.19
S0275,Zone_6,200.82,17.45,119.9,5.62,0.58,0.56,27.88,1.76,12.4,1.68
S0276,Zone_6,275.49,20.42,126.95,6.53,0.73,0.28,19.29,1.35,9.93,1.37
S0277,Zone_6,210.33,7.59,102.58,7.13,0.35,0.42,2.91,0.67,4.62,0.75
S0278,Zone_6,310.06,28.76,195.96,6.52,0.72,0.96,20.6,1.32,10.05,0.99
S0279,Zone_6,342.27,26.26,217.15,7.25,0.85,0.64,13.84,0.91,5.33,0.73
S0280,Zone_6,340.78,28.75,189.63,6.2,0.95,0.61,22.45,1.49,11.18,1.15
S0281,Zone_6,236.42,22.79,189.52,6.25,0.5,0.49,27.44,1.21,11.46,1.03
S0282,Zone_6,213.94,13.99,124.52,6.35,0.47,0.36,10.21,0.95,7.56,1.02
S0283,Zone_6,159.56,11.37,131.97,6.25,0.35,0.41,27.83,2.34,10.36,2.29
S0284,Zone_6,197.09,18.65,170.09,6.29,0.53,0.44,22.38,1.57,12.45,1.39
S0285,Zone_6,241.93,23.99,186.53,7.22,0.51,0.38,10.36,0.5,6.01,0.87
S0286,Zone_6,242.69,25.68,212.38,7.03,0.52,0.82,15.35,1.12,6.85,0.79
S0287,Zone_6,163.88,13.44,100.2,8.49,0.18,0.4,6.31,0.71,2.65,0.76
S0288,Zone_6,141.39,4.75,62.15,5.54,0.29,0.01,14.13,0.76,6.3,0.86
S0289,Zone_6,270.33,26.05,204.34,7.44,0.65,0.65,15.42,1.06,6.1,2.8583221307104827
S0290,Zone_6,202.95,16.59,137.61,6.34,0.4,0.25,21.88,1.41,8.37,1.42
S0291,Zone_6,218.37,9.46,151.19,6.47,0.43,0.51,22.8,1.41,8.15,1.39
S0292,Zone_6,222.9,25.76,171.09,5.46,0.62,0.69,32.32,2.81,14.1,2.23
S0293,Zone_6,208.68,16.26,106.89,6.21,0.4,0.57,21.43,1.49,7.71,1.18
S0294,Zone_6,207.23,19.2,179.81,7.5,0.4,0.12,2.55,0.57,2.12,0.28
S0295,Zone_6,350.56,36.39,235.17,6.45,0.89,0.57,26.17,1.92,12.73,1.85
S0296,Zone_6,181.82,15.94,124.9,5.27,0.23,0.17,24.7,1.66,12.19,1.93
S0297,Zone_6,175.85,11.55,126.87,6.36,0.39,0.18,24.33,1.3,13.49,1.36
S0298,Zone_6,313.68,26.12,195.16,6.27,0.78,0.56,15.14,1.06,6.84,1.45
S0299,Zone_6,246.62,26.64,174.64,6.86,0.47,0.43,15.43,1.52,8.22,1.49
S0300,Zone_6,290.44,31.71,204.03,8.08,0.64,0.51,2.38,0.91,3.88,0.54
S0301,Zone_7,284.94,27.79,238.59,5.76,0.73,0.53,9.95,1.16,6.6,1.0
S0302,Zone_7,351.59,29.91,198.7,6.37,0.97,0.56,11.9,1.21,7.19,0.43
S0303,Zone_7,136.48,15.86,124.57,6.22,0.31,0.53,19.14,0.86,6.64,0.97
S0304,Zone_7,204.01,18.61,106.74,6.59,0.58,0.65,13.83,0.93,4.97,0.75
S0305,Zone_7,285.58,23.99,152.3,6.03,0.72,0.52,18.15,1.4,10.04,1.49
S0306,Zone_7,269.75,18.39,132.03,6.27,0.58,0.41,11.19,0.59,4.23,0.55
S0307,Zone_7,280.71,25.0,243.03,6.81,0.68,0.71,15.08,1.16,10.5,0.87
S0308,Zone_7,261.54,23.0,125.12,6.73,0.74,0.47,11.89,0.29,2.48,0.67
S0309,Zone_7,182.02,8.19,110.38,6.21,0.35,0.7,9.01,0.34,5.03,0.75
S0310,Zone_7,284.29,21.23,192.68,6.05,0.89,0.43,24.39,1.42,13.63,1.47
S0311,Zone_7,149.04,7.49,114.38,7.25,0.29,0.66,13.01,0.79,3.32,0.55
S0312,Zone_7,224.11,23.84,202.21,7.16,0.59,0.81,8.72,0.61,3.05,0.26
S0313,Zone_7,230.01,19.53,167.0,6.88,0.57,0.75,12.16,0.95,4.72,0.86
S0314,Zone_7,250.11,17.56,149.89,6.08,0.54,0.4,21.27,1.67,10.65,1.82
S0315,Zone_7,198.65,29.84,163.51,6.73,0.48,0.65,16.97,1.16,10.2,1.12
S0316,Zone_7,226.23,13.87,142.96,6.42,0.46,0.49,26.27,1.51,8.02,1.19
S0317,Zone_7,206.91,18.79,155.36,6.98,0.42,0.71,6.75,0.29,1.87,0.12
S0318,Zone_7,273.85,26.62,206.12,6.59,0.77,0.36,18.54,1.29,9.15,1.18
S0319,Zone_7,150.78,2.99,62.57,6.77,0.34,0.36,5.94,0.1,2.31,0.01
S0320,Zone_7,124.68,3.45,78.2,14.674176388341056,0.23,0.68,10.37,0.66,7.69,0.62
S0321,Zone_7,175.58,18.41,123.22,7.18,0.44,0.57,12.19,0.88,6.92,0.68
S0322,Zone_7,212.47,16.47,154.24,5.97,0.62,0.64,11.58,1.25,10.9,1.22
S0323,Zone_7,295.62,26.04,140.24,5.15,0.77,0.39,15.88,1.18,9.55,0.67
S0324,Zone_7,183.07,20.87,111.71,6.96,0.37,0.69,15.58,1.24,8.23,0.79
S0325,Zone_7,276.82,19.53,167.96,6.59,0.7,0.71,9.54,0.28,5.79,0.55
S0326,Zone_7,278.96,23.64,135.91,6.84,0.62,0.7,7.4,1.04,3.17,0.62
S0327,Zone_7,216.45,11.95,132.65,7.44,0.41,0.77,0.01,0.01,0.01,0.01
S0328,Zone_7,274.89,21.86,162.39,6.18,0.47,0.42,18.18,0.51,5.64,0.7
S0329,Zone_7,314.62,31.35,189.44,7.12,0.7,0.87,3.37,0.67,2.22,0.24
S0330,Zone_7,196.97,16.44,118.29,6.79,0.38,0.71,13.38,0.85,5.16,0.83
S0331,Zone_7,243.02,29.92,206.33,7.21,0.93,0.76,15.98,1.39,5.74,0.83
S0332,Zone_7,179.63,16.37,122.04,6.61,0.52,0.73,13.15,0.72,7.82,0.93
S0333,Zone_7,113.62,4.72,80.95,7.06,0.29,0.65,13.51,0.83,4.7,0.7
S0334,Zone_7,211.14,16.46,85.15,6.05,0.48,0.48,13.31,1.06,5.04,0.46
S0335,Zone_7,189.11,17.94,178.33,7.19,0.3,0.64,11.13,0.74,5.84,0.56
S0336,Zone_7,213.9,18.93,164.77,6.13,0.49,0.13,12.34,0.66,4.41,0.69
S0337,Zone_7,206.64,5.3,108.33,5.92,0.49,0.35,16.29,0.92,8.16,0.95
S0338,Zone_7,194.69,7.49,66.46,5.96,0.4,0.43,17.62,1.01,6.27,0.88
S0339,Zone_7,223.55,19.5,196.84,6.31,0.55,0.7,16.2,0.97,5.12,0.74
S0340,Zone_7,145.58,1.34,54.35,5.81,0.33,0.6,12.14,0.72,3.51,0.53
S0341,Zone_7,233.94,23.01,140.69,7.04,0.4,0.44,12.17,1.25,6.57,0.98
S0342,Zone_7,78.29,0.01,37.04,6.38,0.01,0.55,12.74,0.97,6.68,1.19
S0343,Zone_7,210.48,16.0,161.95,6.04,0.8,0.64,21.05,1.62,13.22,1.49
S0344,Zone_7,113.7,12.96,90.73,6.66,0.11,0.64,8.43,0.6,4.02,1.03
S0345,Zone_7,328.94,29.41,204.23,6.17,0.94,0.58,14.66,1.39,6.96,0.98
S0346,Zone_7,115.12,9.76,142.62,7.26,0.39,0.5,12.57,0.49,4.67,0.76
S0347,Zone_7,216.11,10.37,84.48,5.5,0.53,0.84,25.35,1.11,12.77,1.47
S0348,Zone_7,117.28,5.15,107.81,7.03,0.09,0.73,0.01,0.01,2.95,0.19
S0349,Zone_7,180.06,17.58,156.02,7.43,0.5,0.86,13.69,0.98,5.96,0.79
S0350,Zone_7,137.26,4.16,73.7,6.65,0.4,0.57,17.69,1.41,7.72,1.24
S0351,Zone_8,181.39,20.19,152.5,5.87,0.49,0.85,16.56,1.36,9.45,0.85
S0352,Zone_8,226.64,11.98,107.82,6.93,0.52,0.64,11.27,0.65,4.71,0.81
S0353,Zone_8,152.36,10.94,93.71,5.52,0.26,0.78,19.1,0.9,6.06,0.89
S0354,Zone_8,289.67,24.5,210.84,6.69,0.77,0.51,17.02,1.01,8.46,0.78
S0355,Zone_8,206.62,18.22,132.64,6.66,0.46,0.54,18.79,1.49,6.91,1.28
S0356,Zone_8,151.44,4.96,112.37,5.57,0.43,0.51,17.4,1.28,9.9,0.89
S0357,Zone_8,239.06,20.54,118.43,6.16,0.71,0.88,18.49,0.94,8.54,1.12
S0358,Zone_8,239.54,23.81,170.73,6.42,0.54,0.34,14.09,0.98,7.34,0.58
S0359,Zone_8,234.7,29.39,177.59,6.44,0.65,0.97,9.5,0.89,4.18,0.53
S0360,Zone_8,193.02,21.55,190.29,6.95,0.45,1.12,10.01,0.59,1.93,0.86
S0361,Zone_8,254.09,33.2,154.46,7.15,0.65,0.81,0.85,0.68,3.3,0.41
S0362,Zone_8,234.71,15.85,122.07,6.04,0.36,0.76,18.94,1.0,8.48,1.0
S0363,Zone_8,215.7,14.49,105.17,6.92,0.46,1.01,9.8,0.38,5.95,0.72
S0364,Zone_8,239.61,25.77,149.29,6.28,0.59,0.4,11.79,1.25,6.79,0.6
S0365,Zone_8,102.65,13.43,93.57,6.19,0.21,0.29,20.41,1.17,10.69,1.15
S0366,Zone_8,281.77,25.78,200.35,6.88,0.76,0.79,10.68,1.36,4.59,0.88
S0367,Zone_8,196.89,17.43,120.54,6.59,0.44,0.37,11.0,0.37,1.66,0.49
S0368,Zone_8,225.27,21.05,164.62,5.36,0.45,0.89,14.06,1.27,7.19,1.01
S0369,Zone_8,158.0,14.04,115.84,6.25,0.26,0.64,7.25,0.66,8.86,1.01
S0370,Zone_8,239.1,19.59,97.66,5.4,0.71,0.39,14.5,1.02,5.83,0.51
S0371,Zone_8,192.97,10.8,92.6,5.88,0.48,0.53,14.36,1.14,7.15,0.86
S0372,Zone_8,224.23,21.62,147.0,6.46,0.47,0.5,15.6,1.15,7.72,1.06
S0373,Zone_8,198.77,19.04,161.77,7.1,0.46,0.94,11.31,0.96,5.82,0.86
S0374,Zone_8,151.85,14.06,186.11,6.6,0.39,0.6,11.54,1.25,5.57,0.78
S0375,Zone_8,100.75,1.6,16.88,6.69,0.42,0.51,3.04,0.49,1.68,0.59
S0376,Zone_8,179.08,10.56,103.23,6.86,0.36,0.58,8.44,0.12,3.89,0.01
S0377,Zone_8,169.35,16.2,129.3,6.87,0.38,0.85,15.35,1.14,8.23,1.17
S0378,Zone_8,169.63,6.14,104.18,6.79,0.45,0.51,6.44,0.52,3.6,0.05
S0379,Zone_8,218.51,8.91,88.58,7.05,0.63,0.49,7.19,0.42,6.1,0.39
S0380,Zone_8,167.39,19.78,120.87,6.9,0.25,0.61,0.89,0.01,2.23,0.11
S0381,Zone_8,176.85,9.76,99.27,6.59,0.48,0.19,7.11,0.47,3.64,0.55
S0382,Zone_8,212.05,15.65,116.94,6.21,0.61,0.48,13.79,0.99,9.18,0.82
S0383,Zone_8,253.53,27.45,173.3,6.29,0.62,0.59,17.94,1.3,8.42,0.83
S0384,Zone_8,137.95,19.5,117.57,6.09,0.5,0.59,19.01,1.3,8.18,1.0
S0385,Zone_8,113.04,6.13,86.0,7.64,0.2,0.31,4.47,0.98,4.36,0.48
S0386,Zone_8,231.47,15.62,100.02,6.03,0.54,0.28,7.68,0.53,3.77,0.59
S0387,Zone_8,123.12,11.05,63.24,7.36,0.05,0.47,6.7,0.82,3.74,0.8
S0388,Zone_8,197.05,10.59,99.73,5.64,0.32,0.63,10.09,0.8,3.95,0.75
S0389,Zone_8,166.68,19.02,137.08,7.27,0.31,0.69,3.16,0.11,1.26,0.08
S0390,Zone_8,123.07,0.84,3.83,5.59,0.27,0.21,8.12,1.06,4.82,0.79
S0391,Zone_8,234.54,22.69,116.24,6.12,0.41,1.0,5.43,0.557050589885214,1.7,0.01
S0392,Zone_8,277.16,35.68,191.73,5.6,0.53,0.53,14.94,0.94,7.66,0.99
S0393,Zone_8,215.38,15.95,103.41,6.68,0.48,0.79,14.45,1.315265859225386,3.11,0.45
S0394,Zone_8,132.62,12.27,109.87,7.21,0.32,0.7,14.68,1.04,6.15,1.23
S0395,Zone_8,202.91,14.68,103.55,6.74,0.57,0.64,17.4,0.5,6.01,0.7
S0396,Zone_8,152.38,22.19,131.89,6.31,0.4,0.24,9.71,1.01,4.6,0.52
S0397,Zone_8,274.57,30.21,202.0,6.19,0.7,0.51,10.0,0.48,4.0,0.28
S0398,Zone_8,102.18,6.45,82.41,7.56,0.1,0.73,7.13,0.28,3.79,0.65
S0399,Zone_8,215.64,16.27,124.11,5.57,0.44,0.46,11.02,0.93,8.46,0.63
S0400,Zone_8,213.01,12.25,113.52,5.95,0.55,0.48,20.0,1.21,7.68,0.78
S0401,Zone_9,295.19,27.92,207.88,8.15,0.82,0.52,10.3,0.84,3.42,0.95
S0402,Zone_9,301.7,25.55,213.89,7.87,0.71,0.55,20.01,1.54,7.93,1.27
S0403,Zone_9,291.72,24.99,155.49,5.74,0.61,0.17,19.06,1.52,9.84,1.3
S0404,Zone_9,206.54,11.95,148.03,7.27,0.35,0.5,25.45,1.51,9.17,1.38
S0405,Zone_9,285.53,21.86,180.24,5.94,0.59,0.35,21.28,1.27,9.95,1.24
S0406,Zone_9,333.36,27.22,219.27,6.47,0.87,0.52,25.15,1.92,12.74,1.55
S0407,Zone_9,294.7,28.67,185.33,6.38,0.74,0.47,16.63,1.2,8.44,0.54
S0408,Zone_9,266.82,19.84,166.21,7.62,0.46,0.38,0.01,0.01,0.19,0.01
S0409,Zone_9,346.46,33.22,231.07,6.55,0.97,0.45,16.89,0.74,7.08,0.99
S0410,Zone_9,416.59,36.87,237.36,5.89,1.11,0.13,25.79,2.03,13.13,1.56
S0411,Zone_9,313.9,26.44,180.73,7.77,0.68,0.67,0.26,0.49,4.45,0.46
S0412,Zone_9,313.53,28.26,189.35,7.03,0.66,0.37,21.18,1.66,8.4,1.18
S0413,Zone_9,241.26,21.38,141.58,6.96,0.62,0.4,21.86,1.33,9.0,0.99
S0414,Zone_9,341.03,24.83,213.26,6.71,0.7,0.39,24.48,1.61,9.05,1.48
S0415,Zone_9,271.23,37.64,229.26,6.72,0.86,0.1,20.9,2.11,10.64,1.06
S0416,Zone_9,256.24,26.45,196.25,6.42,0.56,0.31,21.99,1.89,12.69,1.63
S0417,Zone_9,200.1,7.1,131.28,6.11,0.4,0.42,15.93,0.74,7.98,1.0
S0418,Zone_9,343.69,31.71,225.98,6.33,0.75,0.36,22.29,1.62,7.2,1.12
S0419,Zone_9,352.27,30.09,184.13,7.95,0.8,0.63,12.65,0.71,3.78,1.21
S0420,Zone_9,340.19,32.37,240.24,6.24,0.99,0.29,24.32,1.21,7.38,1.19
S0421,Zone_9,231.45,7.27,140.18,8.09,0.58,0.52,11.1,0.86,6.93,0.76
S0422,Zone_9,282.05,23.66,199.9,6.79,0.66,0.69,24.82,1.79,13.99,1.5
S0423,Zone_9,377.38,34.99,328.87,6.39,0.92,0.6,25.12,2.34,11.86,1.94
S0424,Zone_9,349.75,32.82,203.25,7.47,0.96,0.62,16.08,1.2,7.14,1.15
S0425,Zone_9,281.87,18.13,141.78,6.21,0.66,0.38,21.42,1.57,9.38,1.64
S0426,Zone_9,263.94,18.21,177.91,5.78,0.55,0.53,15.25,1.46,11.95,1.15
S0427,Zone_9,297.51,29.24,192.57,7.27,0.64,0.4,10.87,0.87,7.51,0.8
S0428,Zone_9,203.73,8.67,132.95,7.97,0.42,0.47,14.79,0.74,5.2,0.61
S0429,Zone_9,364.51,18.83,214.42,6.46,0.8,0.79,16.75,0.94,8.09,1.09
S0430,Zone_9,253.49,11.62,120.88,7.43,0.52,0.56,11.91,0.51,7.87,0.72
S0431,Zone_9,253.4,24.42,160.67,6.43,0.6,0.38,21.11,2.08,11.53,0.99
S0432,Zone_9,299.58,24.27,192.68,6.93,0.7,0.46,20.32,1.17,7.3,1.79
S0433,Zone_9,237.05,17.9,117.52,6.75,0.42,0.32,21.2,1.47,10.36,0.93
S0434,Zone_9,390.21,28.04,266.45,7.42,0.99,0.46,16.58,0.93,7.26,0.89
S0435,Zone_9,157.68,14.34,124.19,6.66,0.28,0.42,13.96,0.27,6.85,0.77
S0436,Zone_9,268.02,15.21,160.12,5.93,0.51,0.25,25.67,1.52,10.93,1.88
S0437,Zone_9,301.15,25.88,186.66,6.4,0.5,0.58,21.03,1.35,9.52,1.46
S0438,Zone_9,186.72,9.22,89.42,7.79,0.42,0.1,3.46,0.1,1.28,0.01
S0439,Zone_9,396.69,35.95,262.45,6.34,1.08,0.41,20.68,1.68,7.84,1.62
S0440,Zone_9,290.94,29.32,174.92,6.17,0.6,0.41,20.81,1.31,8.16,0.89
S0441,Zone_9,277.09,19.45,153.89,7.62,0.59,0.73,10.31,0.75,4.97,0.35
S0442,Zone_9,365.7,30.49,246.18,6.35,0.89,0.33,27.08,1.89,12.82,1.92
S0443,Zone_9,349.38,33.07,191.64,6.19,0.76,0.52,21.25,1.08,9.14,0.79
S0444,Zone_9,276.81,13.71,169.89,7.03,0.79,0.63,16.11,1.32,6.01,0.8
S0445,Zone_9,299.99,13.77,161.12,6.11,0.68,0.24,23.0,1.46,13.01,1.4
S0446,Zone_9,233.88,15.9,115.07,6.93,0.55,0.82,14.11,0.91,6.06,0.9
S0447,Zone_9,302.9,24.19,220.98,6.54,0.83,0.55,21.32,1.38,14.02,1.15
S0448,Zone_9,297.88,20.31,227.29,7.48,0.62,0.65,16.21,0.86,8.25,1.08
S0449,Zone_9,292.94,23.18,198.15,6.97,0.69,0.37,25.5,1.3,10.9,1.26
S0450,Zone_9,385.57,28.92,207.68,6.02,0.97,0.2,19.52,0.7,9.03,0.81
S0451,Zone_10,78.72,8.89,37.75,6.76,0.07,0.92,10.85,0.38,2.47,0.64
S0452,Zone_10,152.26,10.71,130.61,6.03,0.37,0.84,17.61,1.12,7.43,0.59
S0453,Zone_10,104.63,7.97,72.99,6.42,0.32,0.46,9.24,0.65,3.39,0.86
S0454,Zone_10,222.52,20.41,190.18,5.6,0.59,0.75,12.37,1.04,5.28,0.94
S0455,Zone_10,231.47,21.28,98.23,5.49,0.63,0.61,1.8,0.7,3.87,0.22
S0456,Zone_10,227.7,16.32,114.17,6.37,0.71,0.99,13.56,1.1,7.67,0.59
S0457,Zone_10,206.65,13.8,128.28,6.16,0.54,0.73,0.01,0.02,2.12,0.17
S0458,Zone_10,161.84,20.43,134.97,6.67,0.51,0.77,6.19,0.01,1.47,0.27
S0459,Zone_10,146.81,14.79,110.84,7.14,0.3,0.83,8.82,1.01,1.53,0.56
S0460,Zone_10,218.91,26.05,163.88,6.17,0.65,0.84,11.74,1.02,8.01,1.25
S0461,Zone_10,212.56,18.16,132.22,6.6,0.5,0.77,4.2,0.73,1.45,0.36
S0462,Zone_10,173.86,23.38,126.96,5.94,0.4,0.91,0.01,0.01,6.09,0.32
S0463,Zone_10,101.64,5.92,71.9,6.89,0.37,0.77,6.2,0.65,2.37,0.21
S0464,Zone_10,62.41,0.01,3.69,5.59,0.1,0.36,0.01,0.01,0.1,0.01
S0465,Zone_10,259.17,19.98,174.37,6.3,0.64,0.62,11.21,0.53,5.2,0.54
S0466,Zone_10,111.32,11.92,100.83,6.19,0.28,0.63,7.87,0.6,3.47,0.29
S0467,Zone_10,70.63,1.09,63.43,6.06,0.38,0.77,20.71,1.58,12.43,1.1
S0468,Zone_10,14.36,0.01,30.36,6.61,0.01,0.87,11.22,0.9,3.92,0.47
S0469,Zone_10,264.85,24.01,147.31,5.79,0.61,0.56,6.83,0.11,3.2,0.17
S0470,Zone_10,234.43,21.69,156.36,5.86,0.59,0.75,17.56,1.19,9.7,1.06
S0471,Zone_10,215.57,15.92,80.06,6.21,0.57,0.77,12.78,0.76,4.22,0.79
S0472,Zone_10,193.59,13.24,144.25,5.88,0.42,0.97,18.36,1.12,8.65,1.08
S0473,Zone_10,3.26,0.01,1.75,6.24,0.01,0.79,9.14,0.21,4.63,0.37
S0474,Zone_10,158.64,10.8,158.26,5.26,0.37,0.64,14.42,1.3,9.7,1.03
S0475,Zone_10,151.76,10.93,94.57,6.28,0.32,0.72,14.46,0.55,4.0,0.25
S0476,Zone_10,219.98,19.95,154.02,5.49,0.75,0.55,18.24,1.56,7.67,0.96
S0477,Zone_10,178.75,28.06,160.61,7.37,0.59,0.83,2.36,0.61,0.01,0.65
S0478,Zone_10,180.0,1.76,69.94,6.57,0.32,0.86,4.05,0.01,1.6,0.17
S0479,Zone_10,147.1,16.86,90.26,6.47,0.35,0.4,2.82,0.24,5.3,0.46
S0480,Zone_10,64.46,0.01,27.21,6.36,0.15,0.53,11.88,0.86,5.0,0.64
S0481,Zone_10,169.52,15.97,115.8,6.9,0.34,0.52,16.5,0.79,4.85,0.79
S0482,Zone_10,172.03,11.77,104.58,6.28,0.41,0.3,19.44,1.11,8.58,0.73
S0483,Zone_10,139.74,6.96,122.01,6.15,0.39,0.58,10.75,0.63,7.44,0.24
S0484,Zone_10,89.06,0.01,8.46,5.74,0.01,0.47,0.93,0.01,3.42,0.21
S0485,Zone_10,179.25,9.59,60.04,5.44,0.4,0.74,18.92,1.44,7.75,1.13
S0486,Zone_10,148.72,10.18,148.48,5.53,0.35,0.85,9.87,0.57,5.03,0.52
S0487,Zone_10,72.24,5.84,79.85,6.81,0.04,0.71,3.35,0.1,5.38,0.37
S0488,Zone_10,96.75,6.47,34.5,5.54,0.09,0.48,17.57,1.28,9.02,0.85
S0489,Zone_10,135.52,11.04,76.74,6.13,0.35,0.58,12.7,1.32,6.41,1.2
S0490,Zone_10,201.56,9.74,77.83,5.63,0.37,0.62,15.78,1.38,8.35,1.0
S0491,Zone_10,43.07,0.21,111.32328595624328,6.56,0.25,0.85,14.76,0.65,5.08,0.64
S0492,Zone_10,121.48,10.64,98.05,5.78,0.41,0.63,6.69,0.55,5.08,0.69
S0493,Zone_10,147.75,15.01,112.75,5.62,0.6031008828158018,0.8,20.29,1.46,11.7,1.53
S0494,Zone_10,209.02,13.2,164.7,6.76,0.45,0.68,10.24,0.11,4.77,0.23
S0495,Zone_10,190.24,13.07,106.45,5.81,0.43,0.97,20.61,1.48,9.18,1.41
S0496,Zone_10,235.8,16.45,132.88,5.15,0.71,0.97,19.3,0.76,9.53,0.68
S0497,Zone_10,128.2,11.96,100.82,6.12,0.24,0.67,9.76,0.33,3.92,0.55
S0498,Zone_10,157.31,5.28,109.14,4.8,0.34,0.48,19.95,1.49,12.05,1.11
S0499,Zone_10,203.19,17.89,85.04,7.21,0.3,0.83,5.47,0.4,1.21,0.6
S0500,Zone_10,74.38,2.9,39.49,5.95,0.17,0.77,11.03,0.98,6.13,0.57
